CREATE DATABASE database_MusicLibrary;

GO
use database_MusicLibrary;

create table table_music
(
    fldMusicID int,
    fldMusicName varchar(90),
    fldArtist varchar(80),
    fldType varchar(30),
    fldOffer varchar(10),
    fldPath varchar(200),
    fldLanguage varchar(30)
)
CREATE TABLE department(dept_no CHAR(4) NOT NULL,
                        dept_name CHAR(25) NOT NULL,
                        location CHAR(30) NULL)
CREATE TABLE project   (project_no CHAR(4) NOT NULL,
                        project_name CHAR(15) NOT NULL,
                        budget FLOAT NULL)
CREATE TABLE works_on	(emp_no INTEGER NOT NULL,
                        project_no CHAR(4) NOT NULL,
                        job CHAR (15) NULL,
                        enter_date DATE NULL)

insert into department values ('d1', 'research','Dallas')
insert into department values ('d2', 'accounting', 'Seattle')
insert into department values ('d3', 'marketing', 'Dallas')
insert into project values ('p1', 'Apollo', 120000.00)
insert into project values ('p2', 'Gemini', 95000.00)
insert into project values ('p3', 'Mercury', 186500.00)
insert into works_on values (10102,'p1', 'analyst', '2006.10.1')
insert into works_on values (10102, 'p3', 'manager', '2008.1.1')
insert into works_on values (25348, 'p2', 'clerk', '2007.2.15')
insert into works_on values (18316, 'p2', NULL, '2007.6.1')
insert into works_on values (29346, 'p2', NULL, '2006.12.15')
insert into works_on values (2581, 'p3', 'analyst', '2007.10.15')
insert into works_on values (9031, 'p1', 'manager', '2007.4.15')
insert into works_on values (28559, 'p1', NULL, '2007.8.1')
insert into works_on values (28559, 'p2', 'clerk', '2008.2.1')
insert into works_on values (9031, 'p3', 'clerk', '2006.11.15')  
insert into works_on values (29346, 'p1','clerk', '2007.1.4')





